id;name;point;progress;url
1;Dollar Peru Innovative;55250;43811;https://fredrick.org
2;Intelligent;40689;13045;http://patrick.biz
3;protocol;15782;92422;https://hadley.info
4;synthesizing FTP Executive;84506;58659;https://macy.com
5;systems compressing;14001;56574;http://ruben.org
6;violet Group;31567;29679;http://kayley.biz
7;indexing;89989;74847;http://clarissa.org
8;Zambian Refined;24527;88944;http://hillary.name
9;fresh-thinking;10146;66493;http://dulce.info
10;Sleek Dinar Games;3037;60210;http://marguerite.com
